{
  "licenseType": "Unknown",
  "dc:description": "Imported at Fri Apr 12 14:44:28 PDT 2013 from RUTAS_URBANAS_INTEGRADAS_MEDELLIN.kml.",
  "exportable": true,
  "dc:title": "RUTAS_URBANAS_INTEGRADAS_MEDELLIN",
  "dc:modified": "2015-06-26T01:13:20Z",
  "dc:identifier": "1_ihDJT-_zFRLXb526aaS0Ct3TiXTlcPDy_BlAz0",
  "tableSchema": {"columns": [
    {
      "datatype": "string",
      "formatPattern": "<a href='%1$s'>%1$s<\/a>",
      "name": "col0",
      "validateData": false,
      "title": "description"
    },
    {
      "datatype": "string",
      "formatPattern": "<a href='%1$s'>%1$s<\/a>",
      "name": "col1",
      "validateData": false,
      "title": "name"
    },
    {
      "datatype": "double",
      "name": "col2",
      "validateData": false,
      "title": "OBJECTID_1"
    },
    {
      "datatype": "double",
      "name": "col3",
      "validateData": false,
      "title": "OBJECTID"
    },
    {
      "datatype": "double",
      "name": "col4",
      "validateData": false,
      "title": "Shape_Leng"
    },
    {
      "datatype": "string",
      "name": "col5",
      "validateData": false,
      "title": "Nombre_Rut"
    },
    {
      "datatype": "string",
      "name": "col6",
      "validateData": false,
      "title": "Empresa"
    },
    {
      "datatype": "double",
      "name": "col7",
      "validateData": false,
      "title": "N?_Parader"
    },
    {
      "datatype": "string",
      "name": "col8",
      "validateData": false,
      "title": "Direccion_"
    },
    {
      "datatype": "double",
      "name": "col9",
      "validateData": false,
      "title": "Zona"
    },
    {
      "datatype": "string",
      "name": "col10",
      "validateData": false,
      "title": "NUMERO_RUT"
    },
    {
      "datatype": "string",
      "name": "col11",
      "validateData": false,
      "title": "TIPO_RUTA"
    },
    {
      "datatype": "string",
      "name": "col12",
      "validateData": false,
      "title": "CODIGO_RUT"
    },
    {
      "datatype": "string",
      "name": "col13",
      "validateData": false,
      "title": "ZONA_URBAN"
    },
    {
      "datatype": "string",
      "name": "col14",
      "validateData": false,
      "title": "NomBar"
    },
    {
      "datatype": "location",
      "name": "col15",
      "validateData": false,
      "title": "NomCom"
    },
    {
      "datatype": "double",
      "name": "col16",
      "validateData": false,
      "title": "COD_COM"
    },
    {
      "datatype": "double",
      "name": "col17",
      "validateData": false,
      "title": "COD_BAR"
    },
    {
      "datatype": "double",
      "name": "col18",
      "validateData": false,
      "title": "Shape_Le_1"
    },
    {
      "datatype": "string",
      "name": "col19",
      "validateData": false,
      "title": "Direccion1"
    },
    {
      "datatype": "string",
      "name": "col20",
      "validateData": false,
      "title": "Direccion2"
    },
    {
      "datatype": "string",
      "name": "col21",
      "validateData": false,
      "title": "Direccion3"
    },
    {
      "datatype": "location",
      "name": "col22",
      "validateData": false,
      "title": "geometry"
    }
  ]}
}